"province","raw_locality","school_count","sample_emis","normalized_suggestion","reviewer_decision"
"FS","BOTSHABELO","40","440602027","Botshabelo","Botshabelo"
"FS","PHUTHADITJHABA","22","441701192","Phuthaditjhaba","Phuthaditjhaba"
"FS","WITSIESHOEK","20","445101228","Witsieshoek","Witsieshoek"
"FS","THABA NCHU","17","443907218","Thaba Nchu","Thaba Nchu"
"FS","Phuthaditjhaba","12","441705097","Phuthaditjhaba","Phuthaditjhaba"
"FS","BETHLEHEM","9","440101018","Bethlehem","Bethlehem"
"FS","Witsieshoek","9","445101245","Witsieshoek","Witsieshoek"
"FS","SASOLBURG","9","443611240","Sasolburg","Sasolburg"
"FS","VIRGINIA","9","443803232","Virginia","Virginia"
"FS","KGOTSONG","8","440506070","Kgotsong","Kgotsong"
"FS","BLOEMFONTEIN","8","440303059","Bloemfontein","Bloemfontein"
"FS","FICKSBURG","8","441407010","Ficksburg","Ficksburg"
"FS","ROCKLANDS","8","440303028","Rocklands","Rocklands"
"FS","SELOSESHA","8","443907217","Selosesha","Selosesha"
"FS","ZAMDELA","8","443611068","Zamdela","Zamdela"
"FS","Botshabelo","7","440602032","Botshabelo","Botshabelo"
"FS","KROONSTAD","7","442506237","Kroonstad","Kroonstad"
"FS","INTABAZWE","7","441705011","Intabazwe","Intabazwe"
"FS","WELKOM","7","444712002","Welkom","Welkom"
"FS","Bohlokong","7","440101089","Bohlokong","Bohlokong"
"FS","BOHLOKONG","6","440101017","Bohlokong","Bohlokong"
"FS","VILJOENSKROON","6","444306138","Viljoenskroon","Viljoenskroon"
"FS","HARRISMITH","6","441705044","Harrismith","Harrismith"
"FS","HENNENMAN","6","441912024","Hennenman","Hennenman"
"FS","Thabong","6","444712004","Thabong","Thabong"
"FS","LADYBRAND","6","442607292","Ladybrand","Ladybrand"
"FS","KUTLWANONG","6","442908017","Kutlwanong","Kutlwanong"
"FS","MANGAUNG","6","440303280","Mangaung","Mangaung"
"FS","MOTSETHABONG","5","444712022","Motsethabong","Motsethabong"
"FS","THEUNISSEN","5","440808211","Theunissen","Theunissen"
"FS","THABONG","5","440704025","Thabong","Thabong"
"FS","BOTHAVILLE","5","440506229","Bothaville","Bothaville"
"FS","PHAHAMENG","5","445802191","Phahameng","Phahameng"
"FS","Bayswater","5","445803774","Bayswater","Bayswater"
"FS","MOKODUMELA","5","445105158","Mokodumela","Mokodumela"
"FS","Heidedal","5","440304183","Heidedal","Heidedal"
"FS","TUMAHOLE","5","443011027","Tumahole","Tumahole"
"FS","Tweespruit","4","441207156","Tweespruit","Tweespruit"
"FS","Universitas","4","440303130","Universitas","Universitas"
"FS","PHOMOLONG","4","442506078","Phomolong","Phomolong"
"FS","MELODING","4","444412057","Meloding","Meloding"
"FS","STEYNSRUS","4","442510187","Steynsrus","Steynsrus"
"FS","ROUXVILLE","4","443503106","Rouxville","Rouxville"
"FS","MANYATSENG","4","442607040","Manyatseng","Manyatseng"
"FS","Thaba Nchu","4","443907233","Thaba Nchu","Thaba Nchu"
"FS","NYAKALLONG","4","442908191","Nyakallong","Nyakallong"
"FS","PARYS","4","443011149","Parys","Parys"
"FS","KESTELL","4","440101190","Kestell","Kestell"
"FS","Meqheleng","4","441407062","Meqheleng","Meqheleng"
"FS","BULTFONTEIN","4","440808049","Bultfontein","Bultfontein"
"FS","Harrismith","4","441705033","Harrismith","Harrismith"
"FS","UNALLOCATED","4","445803488","Unallocated","Unallocated"
"FS","MATWABENG","4","443701016","Matwabeng","Matwabeng"
"FS","Tsheseng","4","445105152","Tsheseng","Tsheseng"
"FS","Sasolburg","4","443611156","Sasolburg","Sasolburg"
"FS","WESSELSBRON","4","444908243","Wesselsbron","Wesselsbron"
"FS","SEEISOVILLE","3","442506077","Seeisoville","Seeisoville"
"FS","EDENBURG","3","441103107","Edenburg","Edenburg"
"FS","CONSTANTIA PARK","3","442506030","Constantia Park","Constantia Park"
"FS","Dagbreek","3","444712088","Dagbreek","Dagbreek"
"FS","Doorn","3","444712081","Doorn","Doorn"
"FS","Mokodumela","3","445109001","Mokodumela","Mokodumela"
"FS","Kagisanong","3","440303011","Kagisanong","Kagisanong"
"FS","Refengkgotso","3","443611141","Refengkgotso","Refengkgotso"
"FS","BLOEMSPRUIT","3","440303023","Bloemspruit","Bloemspruit"
"FS","VAALPARK","3","443611259","Vaalpark","Vaalpark"
"FS","KOPPIES","3","442411169","Koppies","Koppies"
"FS","MATLAKENG","3","445203100","Matlakeng","Matlakeng"
"FS","BOCHABELA","3","440303131","Bochabela","Bochabela"
"FS","Fichardtpark","3","440303188","Fichardtpark","Fichardtpark"
"FS","Welkom","3","444712035","Welkom","Welkom"
"FS","TROMPSBURG","3","444103109","Trompsburg","Trompsburg"
"FS","Willows","3","440303194","Willows","Willows"
"FS","Thembalihle","3","444510214","Thembalihle","Thembalihle"
"FS","VREDE","3","444510212","Vrede","Vrede"
"FS","Estoire","3","440304161","Estoire","Estoire"
"FS","Bainsvlei","3","440304171","Bainsvlei","Bainsvlei"
"FS","Navalsig","3","440304208","Navalsig","Navalsig"
"FS","Saaiplaas","3","444412092","Saaiplaas","Saaiplaas"
"FS","HEIDEDAL","3","440304240","Heidedal","Heidedal"
"FS","HEILBRON","3","441811159","Heilbron","Heilbron"
"FS","PHIRITONA","3","441811155","Phiritona","Phiritona"
"FS","VENTERSBURG","3","444206228","Ventersburg","Ventersburg"
"FS","DEWETSDORP","3","441002074","Dewetsdorp","Dewetsdorp"
"FS","TWEESPRUIT","3","441207300","Tweespruit","Tweespruit"
"FS","MARQUARD","3","442807294","Marquard","Marquard"
"FS","Phiritona","3","441811038","Phiritona","Phiritona"
"FS","LINDLEY","3","442710183","Lindley","Lindley"
"FS","PETRUS STEYN","3","442710128","Petrus Steyn","Petrus Steyn"
"FS","ODENDAALSRUS","3","442908220","Odendaalsrus","Odendaalsrus"
"FS","Parys","3","443011110","Parys","Parys"
"FS","Bronville","3","444712105","Bronville","Bronville"
"FS","CLOCOLAN","3","440907307","Clocolan","Clocolan"
"FS","Kgotsong","3","440506087","Kgotsong","Kgotsong"
"FS","MEQHELENG","3","441407017","Meqheleng","Meqheleng"
"FS","Bothaville","3","440506317","Bothaville","Bothaville"
"FS","PHAHAMENG LOCATION","3","440808253","Phahameng Location","Phahameng Location"
"FS","Namahadi","3","441610200","Namahadi","Namahadi"
"FS","MAJWEMASWEU","3","440704105","Majwemasweu","Majwemasweu"
"FS","VERKEERDEVLEI","2","440704141","Verkeerdevlei","Verkeerdevlei"
"FS","BRANDFORT","2","440704214","Brandfort","Brandfort"
"FS","JAGERSFONTEIN","2","442204193","Jagersfontein","Jagersfontein"
"FS","Bolokanang","2","443104127","Bolokanang","Bolokanang"
"FS","FRANKFORT","2","441610216","Frankfort","Frankfort"
"FS","FOURIESBURG","2","441501162","Fouriesburg","Fouriesburg"
"FS","PETRUSBURG","2","443104215","Petrusburg","Petrusburg"
"FS","EDENVILLE","2","442506236","Edenville","Edenville"
"FS","Mafahlaneng","2","441610193","Mafahlaneng","Mafahlaneng"
"FS","WARDEN","2","441705051","Warden","Warden"
"FS","FATENG TSE NTSHO","2","440101194","Fateng Tse Ntsho","Fateng Tse Ntsho"
"FS","TIKWANA","2","442008254","Tikwana","Tikwana"
"FS","HOOPSTAD","2","442008297","Hoopstad","Hoopstad"
"FS","GELUKWAARTS","2","442506199","Gelukwaarts","Gelukwaarts"
"FS","Qalabotjha","2","441610173","Qalabotjha","Qalabotjha"
"FS","CLARENS","2","440101104","Clarens","Clarens"
"FS","Groenvlei","2","445802129","Groenvlei","Groenvlei"
"FS","HERTZOGVILLE","2","440404259","Hertzogville","Hertzogville"
"FS","Ezenzeleni T/Ship","2","441705124","Ezenzeleni T/Ship","Ezenzeleni T/Ship"
"FS","VANSTADENSRUS","2","444802016","Vanstadensrus","Vanstadensrus"
"FS","ALLANRIDGE","2","442908246","Allanridge","Allanridge"
"FS","Tumahole","2","443011028","Tumahole","Tumahole"
"FS","ORANJEVILLE","2","441811013","Oranjeville","Oranjeville"
"FS","MAMAFUBEDU","2","442710218","Mamafubedu","Mamafubedu"
"FS","HOBHOUSE","2","442607211","Hobhouse","Hobhouse"
"FS","Manyatseng","2","442607063","Manyatseng","Manyatseng"
"FS","Ladybrand","2","442607053","Ladybrand","Ladybrand"
"FS","Rammulotsi","2","442506309","Rammulotsi","Rammulotsi"
"FS","Petsana Location","2","443410080","Petsana Location","Petsana Location"
"FS","Zastron","2","445203201","Zastron","Zastron"
"FS","PETSANA","2","443410102","Petsana","Petsana"
"FS","RAMAHUTSI","2","440602038","Ramahutsi","Ramahutsi"
"FS","sasolburg","2","443611045","Sasolburg","Sasolburg"
"FS","REITZ","2","443410330","Reitz","Reitz"
"FS","Phomolong","2","442506308","Phomolong","Phomolong"
"FS","Racewaypark","2","440304273","Racewaypark","Racewaypark"
"FS","EUREKA PARK","2","444412047","Eureka Park","Eureka Park"
"FS","Brentpark","2","442506331","Brentpark","Brentpark"
"FS","Kroonstad","2","445802149","Kroonstad","Kroonstad"
"FS","Dan Pienaar","2","440304213","Dan Pienaar","Dan Pienaar"
"FS","Senekal","2","443701156","Senekal","Senekal"
"FS","PARK WEST","2","440304210","Park West","Park West"
"FS","SENEKAL","2","443701279","Senekal","Senekal"
"FS","Arboretum","2","440304207","Arboretum","Arboretum"
"FS","THEMBALIHLE","2","444510053","Thembalihle","Thembalihle"
"FS","MOKWALLO","2","444611167","Mokwallo","Mokwallo"
"FS","MEMEL","2","444510269","Memel","Memel"
"FS","Hospitaalpark","2","440303192","Hospitaalpark","Hospitaalpark"
"FS","Monontsha","2","445101231","Monontsha","Monontsha"
"FS","Gardeniapark","2","440303189","Gardeniapark","Gardeniapark"
"FS","Phahameng","2","444306283","Phahameng","Phahameng"
"FS","POELONG","2","445101232","Poelong","Poelong"
"FS","BLOEMSIDE","2","440303159","Bloemside","Bloemside"
"FS","Bochabela Location","2","440303136","Bochabela Location","Bochabela Location"
"FS","NAMAHADI","2","441610028","Namahadi","Namahadi"
"FS","Mabolela Village","2","445101260","Mabolela","Mabolela"
"FS","Rocklands Location","2","440303078","Rocklands Location","Rocklands Location"
"FS","KWAKWATSI","2","442411129","Kwakwatsi","Kwakwatsi"
"FS","RAMMOLUTSI","2","444306095","Rammolutsi","Rammolutsi"
"FS","TSHESENG","2","445105148","Tsheseng","Tsheseng"
"FS","Vaalpark","2","443611244","Vaalpark","Vaalpark"
"FS","BOCHABELA LOCATION","2","440303009","Bochabela Location","Bochabela Location"
"FS","Zamdela","2","443611223","Zamdela","Zamdela"
"FS","Bedelia","2","444712083","Bedelia","Bedelia"
"FS","St Helena","2","444712087","St Helena","St Helena"
"FS","BLUEGUMBOSCH","2","445109059","Bluegumbosch","Bluegumbosch"
"FS","BETHULIE","2","440203105","Bethulie","Bethulie"
"FS","DAGBREEK","2","444712091","Dagbreek","Dagbreek"
"FS","RIETRIVIER","2","442103278","Rietrivier","Rietrivier"
"FS","WINBURG","2","445008300","Winburg","Winburg"
"FS","MAKELEKETLA","2","445008189","Makeleketla","Makeleketla"
"FS","MATOPORONG","2","443303110","Matoporong","Matoporong"
"FS","MONYAKENG","2","444908257","Monyakeng","Monyakeng"
"FS","JACOBSDAL","2","442104209","Jacobsdal","Jacobsdal"
"FS","Monyakeng","2","444908190","Monyakeng","Monyakeng"
"FS","Jim Fouche Park","1","444712128","Jim Fouche Park","Jim Fouche Park"
"FS","wesselsbron","1","444908008","Wesselsbron","Wesselsbron"
"FS","MONYAKENG LOCATION","1","444908152","Monyakeng Location","Monyakeng Location"
"FS","NEW STANDS","1","444712125","New Stands","New Stands"
"FS","RHEEDER PARK","1","444712115","Rheeder Park","Rheeder Park"
"FS","ST. HELENA PARK","1","444712114","St. Helena Park","St. Helena Park"
"FS","MAKELEKETLA LOCATION","1","445008150","Makeleketla Location","Makeleketla Location"
"FS","RIEBEECKSTAD","1","444712100","Riebeeckstad","Riebeeckstad"
"FS","Corner of Ernest & Aurora Street","1","444712098","Corner Of Ernest & Aurora Street","Corner Of Ernest & Aurora Street"
"FS","VIRGINIA CENTRAL","1","445802186","Virginia Central","Virginia Central"
"FS","Naudeville","1","444712096","Naudeville","Naudeville"
"FS","REITZPARK","1","445803767","Reitzpark","Reitzpark"
"FS","Lourierpark","1","445803768","Lourierpark","Lourierpark"
"FS","Grassland","1","445803769","Grassland","Grassland"
"FS","Waverly","1","445803770","Waverly","Waverly"
"FS","BEDELIA","1","444712090","Bedelia","Bedelia"
"FS","Batho Location","1","445803777","Batho Location","Batho Location"
"FS","Riebeeckstad","1","444712080","Riebeeckstad","Riebeeckstad"
"FS","Jan Cilliers Park","1","444712076","Jan Cilliers Park","Jan Cilliers Park"
"FS","JIM FOUCHEPARK","1","444712075","Jim Fouchepark","Jim Fouchepark"
"FS","WELKOM NO 1","1","444712073","Welkom No 1","Welkom No 1"
"FS","ROCKLANDS LOCATION","1","440303052","Rocklands Location","Rocklands Location"
"FS","Phomolong Village","1","444712072","Phomolong","Phomolong"
"FS","ST HELENA  GOLD MINE","1","444712065","St Helena  Gold Mine","St Helena  Gold Mine"
"FS","PHELINDABA","1","440303102","Phelindaba","Phelindaba"
"FS","Phelindaba Location","1","440303103","Phelindaba Location","Phelindaba Location"
"FS","TIERPOORT","1","440303124","Tierpoort","Tierpoort"
"FS","Freedom Square","1","440303126","Freedom Square","Freedom Square"
"FS","East End","1","440303128","East End","East End"
"FS","Motse   Thabong","1","444712061","Motse   Thabong","Motse   Thabong"
"FS","ST HELENA PARK","1","444712049","St Helena Park","St Helena Park"
"FS","Bochabela","1","440303135","Bochabela","Bochabela"
"FS","Oppenheimer Park","1","444712048","Oppenheimer Park","Oppenheimer Park"
"FS","CHRIS HANI SQUARE","1","440303146","Chris Hani Square","Chris Hani Square"
"FS","MOTSE-THABONG","1","444712042","Motse Thabong","Motse Thabong"
"FS","Martin Road","1","440303179","Martin Road","Martin Road"
"FS","LASVEGAS","1","444712040","Lasvegas","Lasvegas"
"FS","Voorspoed","1","444712030","Voorspoed","Voorspoed"
"FS","Motsethabong","1","444712021","Motsethabong","Motsethabong"
"FS","HANI PARK","1","444712012","Hani Park","Hani Park"
"FS","FAUNA","1","440303203","Fauna","Fauna"
"FS","Bloemspruit","1","440303206","Bloemspruit","Bloemspruit"
"FS","Pellissier","1","440303209","Pellissier","Pellissier"
"FS","Uitsig","1","440303212","Uitsig","Uitsig"
"FS","WILLOWS","1","440303214","Willows","Willows"
"FS","Wilgehof","1","440303215","Wilgehof","Wilgehof"
"FS","FICHARDTPARK","1","440303217","Fichardtpark","Fichardtpark"
"FS","Rayton","1","440303218","Rayton","Rayton"
"FS","FREEDOM SQUARE","1","440303233","Freedom Square","Freedom Square"
"FS","PHASE 2","1","440303245","Phase 2","Phase 2"
"FS","NAMIBIA SQUARE","1","440303248","Namibia Square","Namibia Square"
"FS","Bloemfontein","1","440303250","Bloemfontein","Bloemfontein"
"FS","TURFLAAGTE","1","440303251","Turflaagte","Turflaagte"
"FS","WIEGANDIA","1","440303259","Wiegandia","Wiegandia"
"FS","SANDERSVILLE","1","441811261","Sandersville","Sandersville"
"FS","Batho","1","440304021","Batho","Batho"
"FS","ROCKLANNDS","1","440304030","Rocklannds","Rocklannds"
"FS","MOKHUTLE STREET","1","440304045","Mokhutle Street","Mokhutle Street"
"FS","Rocklands","1","440304117","Rocklands","Rocklands"
"FS","KAGISANONG","1","440304121","Kagisanong","Kagisanong"
"FS","HIGHLANDS FARM","1","440304145","Highlands Farm","Highlands Farm"
"FS","Ehrlich Park","1","440304159","Ehrlich Park","Ehrlich Park"
"FS","GRASVELD","1","442506125","Grasveld","Grasveld"
"FS","BATHO","1","440304163","Batho","Batho"
"FS","BATHO LOCATION","1","440304164","Batho Location","Batho Location"
"FS","Kelly's View","1","440304169","Kelly's View","Kelly's View"
"FS","Constantia Park","1","442506156","Constantia Park","Constantia Park"
"FS","METSIMAHOLO","1","441811188","Metsimaholo","Metsimaholo"
"FS","Spitskop","1","440304187","Spitskop","Spitskop"
"FS","Meloding  Location","1","444412118","Meloding  Location","Meloding  Location"
"FS","MELODING TOWNSHIP","1","444412113","Meloding Township","Meloding Township"
"FS","GLEN HARMONY","1","444412093","Glen Harmony","Glen Harmony"
"FS","Glen Harmony","1","444412077","Glen Harmony","Glen Harmony"
"FS","BRANDWAG","1","440304222","Brandwag","Brandwag"
"FS","Park West","1","440304226","Park West","Park West"
"FS","Brandwag","1","440304227","Brandwag","Brandwag"
"FS","NAVALSIG","1","440304233","Navalsig","Navalsig"
"FS","Harmony Gold Mine","1","444412071","Harmony Gold Mine","Harmony Gold Mine"
"FS","Helicon Heights","1","440304255","Helicon Heights","Helicon Heights"
"FS","HAMILTON","1","440304265","Hamilton","Hamilton"
"FS","GLEN","1","440304272","Glen","Glen"
"FS","WHITES","1","444412036","Whites","Whites"
"FS","Meloding","1","444412025","Meloding","Meloding"
"FS","49 Mmamahabane","1","444206242","49 Mmamahabane","49 Mmamahabane"
"FS","SECTION C","1","440602036","Section C","Section C"
"FS","Mmamahabane","1","444206211","Mmamahabane","Mmamahabane"
"FS","SECTION A","1","440602047","Section A","Section A"
"FS","BLOCK D","1","440602049","Block D","Block D"
"FS","D SECTION","1","440602050","D Section","D Section"
"FS","G Section","1","440602060","G Section","G Section"
"FS","J SECTION","1","440602067","J Section","J Section"
"FS","SECTION G","1","440602068","Section G","Section G"
"FS","T SECTION","1","440602071","T Section","T Section"
"FS","Section S","1","440602094","Section S","Section S"
"FS","SECTION T","1","440602120","Section T","Section T"
"FS","Olive Hill","1","440603139","Olive Hill","Olive Hill"
"FS","EXCELSIOR","1","440607296","Excelsior","Excelsior"
"FS","Theunissen","1","444008294","Theunissen","Theunissen"
"FS","MOROJANENG","1","441002098","Morojaneng","Morojaneng"
"FS","Farm Rooipoort 468","1","441002118","Farm Rooipoort 468","Farm Rooipoort 468"
"FS","Masilo","1","444008151","Masilo","Masilo"
"FS","LOCATION","1","441207157","Location","Location"
"FS","Excelsior","1","441207293","Excelsior","Excelsior"
"FS","DAWIESVILLE LOCATION","1","441207299","Dawiesville Location","Dawiesville Location"
"FS","Eldorado farm","1","444008103","Eldorado Farm","Eldorado Farm"
"FS","MASILO","1","444008050","Masilo","Masilo"
"FS","CONSTANTIA","1","442506169","Constantia","Constantia"
"FS","MERAFONG","1","442908307","Merafong","Merafong"
"FS","VINIES","1","442607198","Vinies","Vinies"
"FS","Odendaalsrus","1","442908295","Odendaalsrus","Odendaalsrus"
"FS","KUTLWANONG LOC","1","442908283","Kutlwanong Loc","Kutlwanong Loc"
"FS","MAUERSNEK","1","442607303","Mauersnek","Mauersnek"
"FS","UNIVERSITAS","1","442607345","Universitas","Universitas"
"FS","RATLOU LOCATION","1","443907215","Ratlou Location","Ratlou Location"
"FS","RATLOU VILLAGE","1","443907216","Ratlou","Ratlou"
"FS","Kutlwanong","1","442908255","Kutlwanong","Kutlwanong"
"FS","QALABOTJHA","1","441610364","Qalabotjha","Qalabotjha"
"FS","ELDORIE","1","442908251","Eldorie","Eldorie"
"FS","LENYATSO NYARELI ROAD","1","443907243","Lenyatso Nyareli Road","Lenyatso Nyareli Road"
"FS","ALLENDALE FARM","1","443907249","Allendale Farm","Allendale Farm"
"FS","GA-RAPULANA","1","443907251","Ga Rapulana","Ga Rapulana"
"FS","Rooifonntein","1","443907256","Rooifonntein","Rooifonntein"
"FS","Seroalo Village","1","443907258","Seroalo","Seroalo"
"FS","GARAPULANA","1","443907263","Garapulana","Garapulana"
"FS","SELOSESHA LOCATION","1","443907266","Selosesha Location","Selosesha Location"
"FS","GROOTDAM","1","443907269","Grootdam","Grootdam"
"FS","BULTFONTEIN B","1","443907271","Bultfontein B","Bultfontein B"
"FS","THABA - NCHU","1","443907306","Thaba   Nchu","Thaba   Nchu"
"FS","THABANCHU","1","443907309","Thabanchu","Thabanchu"
"FS","Kutloanong Location","1","442908245","Kutloanong Location","Kutloanong Location"
"FS","QIBING","1","444802025","Qibing","Qibing"
"FS","Qibing","1","444802099","Qibing","Qibing"
"FS","Van Standensrus","1","444802109","Van Standensrus","Van Standensrus"
"FS","Wepener","1","444802117","Wepener","Wepener"
"FS","Ebenhaeserhoogte","1","444802119","Ebenhaeserhoogte","Ebenhaeserhoogte"
"FS","THAPELONG","1","444802125","Thapelong","Thapelong"
"FS","Genl de Wet","1","444802126","Genl De Wet","Genl De Wet"
"FS","KUTLOANONG TOWNSHIP","1","442908180","Kutloanong Township","Kutloanong Township"
"FS","Langenhovenpark","1","445802135","Langenhovenpark","Langenhovenpark"
"FS","GRASSLAND 2","1","445802138","Grassland 2","Grassland 2"
"FS","ROTH AVENUE,WILLOWS","1","445802148","Roth Avenue,Willows","Roth Avenue,Willows"
"FS","Vista Park","1","445802181","Vista Park","Vista Park"
"FS","LOURIERPARK","1","445802194","Lourierpark","Lourierpark"
"FS","Rodenbeck","1","445802247","Rodenbeck","Rodenbeck"
"FS","Noordhoek","1","445802259","Noordhoek","Noordhoek"
"FS","BAINSVLEI","1","445802260","Bainsvlei","Bainsvlei"
"FS","Wild Olive Estate","1","445802263","Wild Olive Estate","Wild Olive Estate"
"FS","Gardenia","1","445803486","Gardenia","Gardenia"
"FS","1172 MABUYA STREET","1","441610358","1172 Mabuya Street","1172 Mabuya Street"
"FS","VILLIERS","1","441610265","Villiers","Villiers"
"FS","Fouriesburg Road","1","440101057","Fouriesburg Road","Fouriesburg Road"
"FS","TWEELING","1","441610264","Tweeling","Tweeling"
"FS","RESIDENSIA","1","442908038","Residensia","Residensia"
"FS","MORELIG","1","440101171","Morelig","Morelig"
"FS","Block 4","1","442908022","Block 4","Block 4"
"FS","Tikwana","1","442008247","Tikwana","Tikwana"
"FS","KGUBETSWANA","1","440101197","Kgubetswana","Kgubetswana"
"FS","Eureka","1","440101268","Eureka","Eureka"
"FS","Jordania","1","440101269","Jordania","Jordania"
"FS","Bethlehem-Wes","1","440101271","Bethlehem Wes","Bethlehem Wes"
"FS","Clarens","1","440101273","Clarens","Clarens"
"FS","M?relig","1","440101276","M?relig","M?relig"
"FS","JORDANIA","1","440101277","Jordania","Jordania"
"FS","Bakenpark","1","440101281","Bakenpark","Bakenpark"
"FS","Mashaeng","1","440101285","Mashaeng","Mashaeng"
"FS","TAMBO","1","440101290","Tambo","Tambo"
"FS","THERONVILLE","1","440101293","Theronville","Theronville"
"FS","Clocolan","1","440907042","Clocolan","Clocolan"
"FS","1009 NTSHAREBONE","1","440907087","1009 Ntsharebone","1009 Ntsharebone"
"FS","HLOHLOLWANE","1","440907177","Hlohlolwane","Hlohlolwane"
"FS","TIKWANA LOCATION","1","442008225","Tikwana Location","Tikwana Location"
"FS","Qalabotjha Location","1","441610221","Qalabotjha Location","Qalabotjha Location"
"FS","PO LENGAU","1","442506215","Po Lengau","Po Lengau"
"FS","MATIMA LENYORA P.S","1","440808250","Matima Lenyora P.S","Matima Lenyora P.S"
"FS","Meqheleng Location","1","441407178","Meqheleng Location","Meqheleng Location"
"FS","MAUTSE","1","441407204","Mautse","Mautse"
"FS","Caledonpark","1","441407302","Caledonpark","Caledonpark"
"FS","KORT& IMPERANI","1","441407328","Kort& Imperani","Kort& Imperani"
"FS","ROSENDAL","1","441407333","Rosendal","Rosendal"
"FS","Breda Mission","1","441501085","Breda Mission","Breda Mission"
"FS","KOEKOE VILLAGE","1","442506216","Koekoe","Koekoe"
"FS","118 MASHAENG LOCATION","1","441501193","118 Mashaeng Location","118 Mashaeng Location"
"FS","Fouriesburg","1","441501275","Fouriesburg","Fouriesburg"
"FS","Phahameng Loc","1","440808153","Phahameng Loc","Phahameng Loc"
"FS","INTABAZWE LOCATION","1","441705001","Intabazwe Location","Intabazwe Location"
"FS","BULTFONTEIN-HOOPSTAD ROAD","1","440808012","Bultfontein Hoopstad Road","Bultfontein Hoopstad Road"
"FS","VAN REENEN","1","441705027","Van Reenen","Van Reenen"
"FS","IKGOMOTSENG LOCATION","1","440704040","Ikgomotseng Location","Ikgomotseng Location"
"FS","WYNBERG","1","441705034","Wynberg","Wynberg"
"FS","Spesbona","1","440506235","Spesbona","Spesbona"
"FS","P.O. Lengau","1","442506238","P.O. Lengau","P.O. Lengau"
"FS","Tshwaraganang","1","440404264","Tshwaraganang","Tshwaraganang"
"FS","TSHIAME A","1","441705107","Tshiame A","Tshiame A"
"FS","Tshiame C","1","441705122","Tshiame C","Tshiame C"
"FS","Hertzogville","1","440404258","Hertzogville","Hertzogville"
"FS","Bertha Frame Ave","1","441705204","Bertha Frame Ave","Bertha Frame Ave"
"FS","TSHIAME B","1","441705207","Tshiame B","Tshiame B"
"FS","Ezenzeleni","1","441705212","Ezenzeleni","Ezenzeleni"
"FS","Leratswana","1","442710001","Leratswana","Leratswana"
"FS","NTHA","1","442710101","Ntha","Ntha"
"FS","SERETSI","1","440404238","Seretsi","Seretsi"
"FS","ARLINGTON","1","442710172","Arlington","Arlington"
"FS","Mamafubedu Township","1","442710182","Mamafubedu Township","Mamafubedu Township"
"FS","DEALESVILLE","1","440404228","Dealesville","Dealesville"
"FS","NTHA LOCATION","1","442710217","Ntha Location","Ntha Location"
"FS","BOSHOF","1","440404216","Boshof","Boshof"
"FS","Petrus Steyn","1","442710360","Petrus Steyn","Petrus Steyn"
"FS","moemaneng","1","442807155","Moemaneng","Moemaneng"
"FS","MOEMANENG","1","442807179","Moemaneng","Moemaneng"
"FS","TSWARAGANANG","1","440404130","Tswaraganang","Tswaraganang"
"FS","Marquard","1","442807329","Marquard","Marquard"
"FS","SERETSE LOCATION","1","440404129","Seretse Location","Seretse Location"
"FS","MALEBOGO","1","440404128","Malebogo","Malebogo"
"FS","Petsana","1","443410184","Petsana","Petsana"
"FS","Reitz","1","443410203","Reitz","Reitz"
"FS","KROONHEUWEL","1","445802266","Kroonheuwel","Kroonheuwel"
"FS","Deneysville","1","445802162","Deneysville","Deneysville"
"FS","Matwabeng","1","443701118","Matwabeng","Matwabeng"
"FS","VREDESHOOP","1","444611263","Vredeshoop","Vredeshoop"
"FS","LIBERTAS","1","443701215","Libertas","Libertas"
"FS","PAUL ROUX","1","443701278","Paul Roux","Paul Roux"
"FS","VREDEFORT","1","444611246","Vredefort","Vredefort"
"FS","MATWABENG LOCATION","1","443701284","Matwabeng Location","Matwabeng Location"
"FS","MOKWALLO LOCATION","1","444611187","Mokwallo Location","Mokwallo Location"
"FS","ZAMANI TOWNSHIP","1","444510175","Zamani Township","Zamani Township"
"FS","Mokwallo Location","1","444611126","Mokwallo Location","Mokwallo Location"
"FS","CORNELIA","1","444510328","Cornelia","Cornelia"
"FS","ZAMANI LOCATION","1","444510239","Zamani Location","Zamani Location"
"FS","Ntswanatsatsi","1","444510327","Ntswanatsatsi","Ntswanatsatsi"
"FS","Vrede","1","444510364","Vrede","Vrede"
"FS","Qalabotjha Loc","1","441610088","Qalabotjha Loc","Qalabotjha Loc"
"FS","Viljoenskroon","1","444306340","Viljoenskroon","Viljoenskroon"
"FS","RAMMULOTSI","1","444306220","Rammulotsi","Rammulotsi"
"FS","71 MATEBELENG VILLAGE","1","445101238","71 Matebeleng","71 Matebeleng"
"FS","MONONTSHA CLUSTER","1","445101240","Monontsha Cluster","Monontsha Cluster"
"FS","RAMMULOTSI TOWNSHIP","1","444306214","Rammulotsi Township","Rammulotsi Township"
"FS","MONONTSHA VILLAGE","1","445101256","Monontsha","Monontsha"
"FS","NGWATHE TOWNSHIP","1","442506241","Ngwathe Township","Ngwathe Township"
"FS","ELITE","1","445101261","Elite","Elite"
"FS","NEXT TO TSEKI HIGH SCHOOL","1","445101283","Next To Tseki High School","Next To Tseki High School"
"FS","NEXT TO MAGISTRATES COURTS","1","445101286","Next To Magistrates Courts","Next To Magistrates Courts"
"FS","DENEYSVILLE","1","443611253","Deneysville","Deneysville"
"FS","DIKGAKENG","1","445105150","Dikgakeng","Dikgakeng"
"FS","KRAGBRON","1","443611250","Kragbron","Kragbron"
"FS","THABATSOOANA","1","445105156","Thabatsooana","Thabatsooana"
"FS","Mmakoane","1","445105157","Mmakoane","Mmakoane"
"FS","Dist. Bothaville","1","440506333","Dist. Bothaville","Dist. Bothaville"
"FS","MAKENENG","1","445105162","Makeneng","Makeneng"
"FS","Qwaqwa","1","445105165","Qwaqwa","Qwaqwa"
"FS","Qwa Qwa","1","445105169","Qwa Qwa","Qwa Qwa"
"FS","Tebang Village","1","445105173","Tebang","Tebang"
"FS","Tseseng Village","1","445105175","Tseseng","Tseseng"
"FS","Near Makwane Magistrate Court","1","445105176","Near Makwane Magistrate Court","Near Makwane Magistrate Court"
"FS","MAKWANE","1","445105177","Makwane","Makwane"
"FS","TSESENG,","1","445105182","Tseseng,","Tseseng,"
"FS","NEXT TO MOHALADITWE S.SEC","1","445105183","Next To Mohaladitwe S.Sec","Next To Mohaladitwe S.Sec"
"FS","MMAKWANE VILLAGE","1","445105184","Mmakwane","Mmakwane"
"FS","MAKOANE","1","445105185","Makoane","Makoane"
"FS","QHOLAQHWE","1","445105186","Qholaqhwe","Qholaqhwe"
"FS","Tebang village","1","445105188","Tebang","Tebang"
"FS","Makwane","1","445105194","Makwane","Makwane"
"FS","QWAQWA","1","445105200","Qwaqwa","Qwaqwa"
"FS","NEXT TO MAKENENG SHOPPING CENTER","1","445105202","Next To Makeneng Shopping Center","Next To Makeneng Shopping Center"
"FS","Makoane","1","445105203","Makoane","Makoane"
"FS","Constantia","1","442506293","Constantia","Constantia"
"FS","NEXT TO QIBI PRIMARY SCHOOL","1","445109004","Next To Qibi Primary School","Next To Qibi Primary School"
"FS","NAMAHADI VILLAGE","1","445109005","Namahadi","Namahadi"
"FS","QWA-QWA","1","445109009","Qwa Qwa","Qwa Qwa"
"FS","Boiketlo","1","445109012","Boiketlo","Boiketlo"
"FS","WIITSIESHOEK","1","445109016","Wiitsieshoek","Wiitsieshoek"
"FS","QwaQwa","1","445109017","Qwa Qwa","Qwa Qwa"
"FS","QWA QWA","1","445109022","Qwa Qwa","Qwa Qwa"
"FS","BOIKETLONG VILLAGE","1","445109024","Boiketlong","Boiketlong"
"FS","MOTEBANG ROAD","1","445109027","Motebang Road","Motebang Road"
"FS","LETSHALEMADUKE","1","445109034","Letshalemaduke","Letshalemaduke"
"FS","Harankopane Village","1","445109037","Harankopane","Harankopane"
"FS","SEPHURWANENG","1","445109045","Sephurwaneng","Sephurwaneng"
"FS","BOLATA","1","445109048","Bolata","Bolata"
"FS","BEIRUT","1","445109049","Beirut","Beirut"
"FS","Bolata Village","1","445109052","Bolata","Bolata"
"FS","CLUBVIEW","1","445109057","Clubview","Clubview"
"FS","CLUBVIEW LOC.","1","445109058","Clubview Loc.","Clubview Loc."
"FS","REFENGKGOTSO","1","443611198","Refengkgotso","Refengkgotso"
"FS","Riverside","1","445109060","Riverside","Riverside"
"FS","LEEUW STREET","1","445109061","Leeuw Street","Leeuw Street"
"FS","SEOTLONG","1","445109068","Seotlong","Seotlong"
"FS","Hlohlolwane","1","445802140","Hlohlolwane","Hlohlolwane"
"FS","Makholokweng","1","445802150","Makholokweng","Makholokweng"
"FS","Zamani Location","1","445802161","Zamani Location","Zamani Location"
"FS","Ficksburg","1","445802249","Ficksburg","Ficksburg"
"FS","CALEDON PARK","1","445802252","Caledon Park","Caledon Park"
"FS","PANORAMA","1","445802253","Panorama","Panorama"
"FS","MAKHOLOKOENG","1","445803459","Makholokoeng","Makholokoeng"
"FS","MBEKI SECTION","1","443611182","Mbeki Section","Mbeki Section"
"FS","MAPHODI TOWNSHIP","1","440203111","Maphodi Township","Maphodi Township"
"FS","Bethulie","1","440203134","Bethulie","Bethulie"
"FS","SPRINGFONTEIN","1","440203193","Springfontein","Springfontein"
"FS","Williamsville","1","440203228","Williamsville","Williamsville"
"FS","Williamstrip","1","440303021","Williamstrip","Williamstrip"
"FS","PERDEBERG","1","440404251","Perdeberg","Perdeberg"
"FS","R716 DENEYSVILLE ROAD","1","443611170","R716 Deneysville Road","R716 Deneysville Road"
"FS","HARASEBEI","1","441103256","Harasebei","Harasebei"
"FS","IPOPENG","1","441304186","Ipopeng","Ipopeng"
"FS","Relebohile","1","441304194","Relebohile","Relebohile"
"FS","FAURESMITH","1","441304220","Fauresmith","Fauresmith"
"FS","LUCKHOFF","1","441304246","Luckhoff","Luckhoff"
"FS","TEISESVILLE","1","441304247","Teisesville","Teisesville"
"FS","FRAYVILLE","1","441304253","Frayville","Frayville"
"FS","VILJOENSDRIFT","1","443611162","Viljoensdrift","Viljoensdrift"
"FS","RATANANG","1","442104188","Ratanang","Ratanang"
"FS","VILJOENSDRIF","1","443611161","Viljoensdrif","Viljoensdrif"
"FS","Sandershoogte","1","442104263","Sandershoogte","Sandershoogte"
"FS","ITUMELENG","1","442204126","Itumeleng","Itumeleng"
"FS","SCHONKENVILLE","1","443011262","Schonkenville","Schonkenville"
"FS","DITLHAKE LOC","1","442304131","Ditlhake Loc","Ditlhake Loc"
"FS","DITLHAKE","1","442304132","Ditlhake","Ditlhake"
"FS","KOFFIEFONTEIN","1","442304217","Koffiefontein","Koffiefontein"
"FS","DIAMANTHOOGTE","1","442304245","Diamanthoogte","Diamanthoogte"
"FS","Doornfontein","1","442304249","Doornfontein","Doornfontein"
"FS","Abrahamskraal Farm","1","443104062","Abrahamskraal Farm","Abrahamskraal Farm"
"FS","Plaas Ganskuil","1","443011203","Plaas Ganskuil","Plaas Ganskuil"
"FS","TUMAHOLE LOCATION","1","443011180","Tumahole Location","Tumahole Location"
"FS","PODING-TSE-ROLO","1","443203108","Poding Tse Rolo","Poding Tse Rolo"
"FS","PHILIPPOLIS","1","443203190","Philippolis","Philippolis"
"FS","BERGMANSHOOGTE","1","443203219","Bergmanshoogte","Bergmanshoogte"
"FS","GARIEPDAM","1","443203224","Gariepdam","Gariepdam"
"FS","Tumahole Location","1","443011173","Tumahole Location","Tumahole Location"
"FS","REDDERSBURG","1","443303199","Reddersburg","Reddersburg"
"FS","Wespark","1","442710367","Wespark","Wespark"
"FS","Mofulatshepe Location","1","443803112","Mofulatshepe Location","Mofulatshepe Location"
"FS","RIETPOORT","1","443803227","Rietpoort","Rietpoort"
"FS","SMITHFIELD","1","443803600","Smithfield","Smithfield"
"FS","MOREWAG","1","442506329","Morewag","Morewag"
"FS","Noordmanville","1","444103117","Noordmanville","Noordmanville"
"FS","ZASTRON","1","444803003","Zastron","Zastron"
"FS","Suidrand","1","442506328","Suidrand","Suidrand"
"FS","Boesmanskop","1","445203174","Boesmanskop","Boesmanskop"
"FS","PRESIDENSIA","1","442506321","Presidensia","Presidensia"
"FS","Gariepdam","1","445802265","Gariepdam","Gariepdam"
